4632,2898,"PO Box 15875/7177, 144 Mirdamad Blvd","Tehran","Iran",-0- 
4632,16811,"213 Ferdowsi Avenue","Tehran 11365","Iran",-0- 
4633,2899,"PO Box 11365/5699, No 247 3rd Floor Fedowsi Ave, Cross Sarhang Sakhaei St","Tehran","Iran",-0- 
4635,2901,"No. 40 North Shiraz Street, Mollasadra Ave, Vanak Sq","Tehran 19917","Iran",-0- 
4637,2903,"PO Box 15875-4456, Firouzeh Tower, No 1655 Vali-Asr Ave after Chamran Crossroads","Tehran 1965643511","Iran",-0- 
4637,16815,"No 1655, Firouzeh Building, Mahmoudiye Street, Valiasr Ave","Tehran","Iran",-0- 
4639,2905,"PO Box 14155-6395, 129 Patrice Lumumba St, Jalal-al-Ahmad Expressway","Tehran 14454","Iran",-0- 
4640,2906,"PO Box 11365-5416, 152 Taleghani Avenue","Tehran 15994","Iran",-0- 
4640,16824,"130, Zandi Alley, Taleghani Avenue, No 152, Ostad Nejat Ollahi Cross","Tehran 14567","Iran",-0- 
4640,16948,"124-126 Rue de Provence, Angle 76 bd Haussman","Paris 75008","France",-0- 
4640,16949,"PO Box 734001, Rudaki Ave 88","Dushanbe 734001","Tajikistan",-0- 
4640,16950,"Office C208, Beijing Lufthansa Center No 50, Liangmaqiao Rd, Chaoyang District","Beijing 100016","China",-0- 
4640,16951,"c/o Europaisch-Iranische Handelsbank AG, Depenau 2, D-20095","Hamburg","Germany",-0- 
4641,2907,"Hamburg Head Office, Depenau 2, D-20095 Hamburg, P.O. Box 101304, D-20008 Hamburg","Hamburg","Germany",-0- 
4641,16816,"Kish Branch, Sanaee Avenue, PO Box 79415/148","Kish Island 79415","Iran",-0- 
4641,16817,"Tehran Branch, No. 1655/1, Valiasr Avenue, PO Box 19656 43 511","Tehran","Iran",-0- 
9639,12812,-0- ,-0- ,-0- ,-0- 
9640,12813,-0- ,-0- ,-0- ,-0- 
9641,12128,-0- ,"Gaza","Palestinian",-0- 
9642,12129,-0- ,"Hebron, West Bank","Palestinian",-0- 
9643,12814,-0- ,-0- ,-0- ,-0- 
9644,12815,-0- ,-0- ,-0- ,-0- 
9645,12130,-0- ,"Gaza","Palestinian",-0- 
9646,12131,-0- ,"Ramallah, West Bank","Palestinian",-0- 
9647,12816,-0- ,-0- ,-0- ,-0- 
9648,12817,-0- ,-0- ,-0- ,-0- 
9649,12132,-0- ,"Jenin, West Bank","Palestinian",-0- 
9650,12133,-0- ,"Ramallah, West Bank","Palestinian",-0- 
9651,12134,-0- ,"Tulkarim, West Bank","Palestinian",-0- 
9652,12135,-0- ,"Bethlehem, West Bank","Palestinian",-0- 
9653,12136,-0- ,"Qalqilya, West Bank","Palestinian",-0- 
9654,12137,-0- ,"Salfit, West Bank","Palestinian",-0- 
9655,12138,-0- ,"Nablus, West Bank","Palestinian",-0- 
9656,12139,-0- ,"Khan Younis, West Bank","Palestinian",-0- 
9657,12140,-0- ,"Hebron, West Bank","Palestinian",-0- 
9658,12141,-0- ,"Tubas, West Bank","Palestinian",-0- 
9659,31130,-0- ,"Jabaliya","Region: Gaza",-0- 
9660,12142,-0- ,"Gaza","Palestinian",-0- 
9661,12143,-0- ,"Rafah, West Bank","Palestinian",-0- 
9662,12144,-0- ,"Gaza City, Gaza","Palestinian",-0- 
9663,12145,-0- ,"Hebron, West Bank","Palestinian",-0- 
9664,12146,-0- ,"Gaza","Palestinian",-0- 
9665,12147,-0- ,"Oja, West Bank","Palestinian",-0- 
9666,12148,-0- ,"Gaza City, Gaza","Palestinian",-0- 
9667,12149,-0- ,"Ramallah, West Bank","Palestinian",-0- 
9668,12819,-0- ,-0- ,-0- ,-0- 
9669,12820,-0- ,-0- ,-0- ,-0- 
9670,12821,-0- ,-0- ,-0- ,-0- 
9671,12822,-0- ,-0- ,-0- ,-0- 
9672,12823,-0- ,-0- ,-0- ,-0- 
9673,12824,-0- ,-0- ,-0- ,-0- 
9674,12825,-0- ,-0- ,-0- ,-0- 
9675,12826,-0- ,-0- ,-0- ,-0- 
9676,12827,-0- ,-0- ,-0- ,-0- 
9677,12828,-0- ,-0- ,-0- ,-0- 
9678,12829,-0- ,-0- ,-0- ,-0- 
9679,12830,-0- ,-0- ,-0- ,-0- 
9680,12831,-0- ,-0- ,-0- ,-0- 
9681,12832,-0- ,-0- ,-0- ,-0- 
9682,12833,-0- ,-0- ,-0- ,-0- 
9683,12834,-0- ,-0- ,-0- ,-0- 
9684,12835,-0- ,-0- ,-0- ,-0- 
9685,12836,-0- ,-0- ,-0- ,-0- 
9686,12837,-0- ,-0- ,-0- ,-0- 
9687,12838,-0- ,-0- ,-0- ,-0- 
9688,12150,-0- ,"Jenin, West Bank","Palestinian",-0- 
9689,12839,-0- ,-0- ,-0- ,-0- 
9690,12840,-0- ,-0- ,-0- ,-0- 
9691,12841,-0- ,-0- ,-0- ,-0- 
9692,12842,-0- ,-0- ,-0- ,-0- 
9693,12843,-0- ,-0- ,-0- ,-0- 
9694,12844,-0- ,-0- ,-0- ,-0- 
9695,12845,-0- ,-0- ,-0- ,-0- 
9696,12846,-0- ,-0- ,-0- ,-0- 
9697,12847,-0- ,-0- ,-0- ,-0- 
9698,12848,-0- ,-0- ,-0- ,-0- 
9699,12849,-0- ,-0- ,-0- ,-0- 
9700,12850,-0- ,-0- ,-0- ,-0- 
9701,12851,-0- ,-0- ,-0- ,-0- 
9702,12852,-0- ,-0- ,-0- ,-0- 
9703,12151,-0- ,"Gaza","Palestinian",-0- 
9704,12853,-0- ,-0- ,-0- ,-0- 
9705,12854,-0- ,-0- ,-0- ,-0- 
9706,12855,-0- ,-0- ,-0- ,-0- 
9707,12856,-0- ,-0- ,-0- ,-0- 
9708,12857,-0- ,-0- ,-0- ,-0- 
9709,12858,-0- ,-0- ,-0- ,-0- 
9710,12859,-0- ,-0- ,-0- ,-0- 
9711,12860,-0- ,-0- ,-0- ,-0- 
9712,12861,-0- ,-0- ,-0- ,-0- 
9713,12862,-0- ,-0- ,-0- ,-0- 
9714,12863,-0- ,-0- ,-0- ,-0- 
9715,12864,-0- ,-0- ,-0- ,-0- 
9716,12865,-0- ,-0- ,-0- ,-0- 
10125,13514,"Imam Khomeini Square","Tehran 1136953412","Iran",-0- 
10125,16963,"64 Rue de Miromesnil","Paris 75008","France",-0- 
10125,16964,"Hafenstrasse 54, D-60327","Frankfurt am Main","Germany",-0- 
10125,16965,"Via Barberini 50","Rome, RM 00187","Italy",-0- 
10125,16966,"17 Place Vendome","Paris 75008","France",-0- 
10571,14650,"Head Office Bldg, 327 Taleghani Ave","Tehran 15817","Iran",-0- 
10571,16982,"327 Forsat and Taleghani Avenue","Tehran 15817","Iran",-0- 
10571,16983,"PO Box 375010, Amiryan Str #6, P/N-24","Yerevan","Armenia",-0- 
10571,16984,"Keumkang Tower - 13th & 14th Floor, 889-13 Daechi-Dong, Gangnam-Ku","Seoul 135-280","Korea, South",-0- 
10571,16985,"PO Box 79106425, Ziya Gokalp Bulvari No 12, Kizilay","Ankara, Ankara","Turkey",-0- 
10571,16986,"Cumhuriyet Bulvari No 88/A, PK 7103521","Konak, Izmir","Turkey",-0- 
10571,16987,"Buyukdere Cad, Cicek Sokak No 1 - 1 Levent","Levent, Istanbul","Turkey",-0- 
10576,14666,"PO Box 11365-171, Ferdowsi Avenue","Tehran","Iran",-0- 
10576,16967,"43 Avenue Montaigne","Paris 75008","France",-0- 
10576,16968,"Room 704-6, Wheelock Hse, 20 Pedder St, Central",-0- ,"Hong Kong",-0- 
10576,16969,"Bank Melli Iran Bldg, 111 St 24, 929 Arasat","Baghdad","Iraq",-0- 
10576,16970,"PO Box 2643, Ruwi","Muscat 112","Oman",-0- 
10576,16971,"PO Box 2656, Liva Street","Abu Dhabi","United Arab Emirates",-0- 
10576,16972,"PO Box 248, Hamad Bin Abdulla St","Fujairah","United Arab Emirates",-0- 
10576,16973,"PO Box 1888, Clock Tower, Industrial Rd, Al Ain Club Bldg, Al Ain","Abu Dhabi","United Arab Emirates",-0- 
10576,16974,"PO Box 1894, Baniyas St, Deira","Dubai City","United Arab Emirates",-0- 
10576,16975,"PO Box 5270, Oman Street Al Nakheel","Ras Al-Khaimah","United Arab Emirates",-0- 
10576,16976,"PO Box 459, Al Borj St","Sharjah","United Arab Emirates",-0- 
10576,16977,"PO Box 3093, Ahmed Seddiqui Bldg, Khalid Bin El-Walid St, Bur-Dubai","Dubai City 3093","United Arab Emirates",-0- 
10576,16978,"PO Box 1894, Al Wasl Rd, Jumeirah","Dubai","United Arab Emirates",-0- 
10576,16979,"Postfach 112 129, Holzbruecke 2, D-20459","Hamburg","Germany",-0- 
10576,16980,"Nobel Ave. 14","Baku","Azerbaijan",-0- 
10576,16981,"Unit 1703-4, 17th Floor, Hong Kong Club Building, 3 A Chater Road Central",-0- ,"Hong Kong",-0- 
10576,20368,"Esteghlal St., Opposite to Otbeh Ibn Ghazvan Hall","Basrah","Iraq",-0- 
10664,15038,"P.O. Box 785, City Centre Building, Government Avenue","Manama","Bahrain",-0- 
10664,15039,"Block 304, City Centre Building, Building 199, Government Avenue, Road 383","Manama","Bahrain",-0- 
10664,21012,"Free Trade Zone, Sanaati-e Kish, Vilay-e Ferdos 2, Corner of Klinik-e Khanevadeh, No 1/5 and 3/5","Kish","Iran",-0- 
11208,16339,"Tose'e Tower, Corner of 15th St., Ahmed Qasir Ave., Argentine Square","Tehran","Iran",-0- 
11208,16340,"No. 129, 21's Khaled Eslamboli, No. 1 Building","Tehran","Iran",-0- 
11208,16341,"Export Development Building, Next to the 15th Alley, Bokharest Street, Argentina Square","Tehran","Iran",-0- 
11208,18388,"No. 26, Tosee Tower, Arzhantine Square, P.O. Box 15875-5964","Tehran 15139","Iran",-0- 
11208,18389,"No. 4, Gandi Ave.","Tehran 1516747913","Iran",-0- 
11317,16581,"Hafez Crossing, Taleghani Avenue, P.O. Box 1863 and 2501","Tehran","Iran",-0- 
11317,23963,"National Iranian Oil Company Building, Taleghani Avenue, Hafez Street","Tehran","Iran",-0- 
11318,16584,"41, 1st Floor, International House, The Parade","St Helier JE2 3QQ","Jersey",-0- 
11318,16587,"Petro Pars Building, Saadat Abad Ave, No 35, Farhang Blvd","Tehran","Iran",-0- 
11319,16586,"6, Avenue de la Tour-Haldimand","Pully, VD 1009","Switzerland",-0- 
11606,17405,"3 Kozlova Street","Minsk 220005","Belarus",-0- 
11607,17407,"No. 39, Sepahbod Gharani Avenue, Ferdousi Square","Tehran","Iran",-0- 
11608,17409,"Tersteegen Strasse 10","Dusseldorf 40474","Germany",-0- 
11609,17411,"8th Floor, Shiba East Building, 2-3-9 Shiba, Minato-ku","Tokyo 105-0014","Japan",-0- 
11610,17413,"11b, Boulevard Joseph II","L-1840","Luxembourg",-0- 
11611,17415,"Via Di Francia 3","Genoa 16149","Italy",-0- 
11612,17417,"Georg-Glock-Str. 3","Dusseldorf 40474","Germany",-0- 
11613,17419,"Tersteegenstr. 10","Dusseldorf 40474","Germany",-0- 
11613,17520,"Georg-Glock-Str. 3","Dusseldorf 40474","Germany",-0- 
11614,17421,"Tersteegenstr. 10","Dusseldorf 40474","Germany",-0- 
11615,17423,"Tersteegenstrasse 10","Dusseldorf D 40474","Germany",-0- 
11616,17425,"Josefstrasse 82","Nettetal 41334","Germany",-0- 
11618,17429,"No. 104, North Sheikh Bahaei Blvd., Molla Sadra Ave.","Tehran","Iran",-0- 
11619,17431,"No. 1339, Vali Nejad Alley, Vali-e-Asr St., Vanak Sq.","Tehran","Iran",-0- 
11619,17432,"INONU CAD. SUMER Sok., Zitas Bloklari C.2 Bloc D.H, Kozyatagi, Kadikoy","Istanbul","Turkey",-0- 
11619,17433,"Topcu Ibrahim Sokak No: 13 D: 7 Icerenkoy-Kadikoy","Istanbul","Turkey",-0- 
11619,17434,"99-A, Maker Tower F, 9th Floor, Cuffe Parade, Colabe","Mumbai 400 005","India",-0- 
11619,17435,"No. 1014, Doosan We've Pavilion, 58, Soosong-Dong, Jongno-Gu","Seoul","Korea, South",-0- 
11619,17436,"Office No. 707, No. 10, Chao Waidajie, Chao Tang District","Beijing 100020","China",-0- 
11620,17438,"5th Floor NIOC House, 4 Victoria Street","London SW1H 0NE","United Kingdom",-0- 
11621,17440,"Schottweg 3","Hamburg 22087","Germany",-0- 
11622,17442,"41, 1st Floor, International House, The Parade","St. Helier JE2 3QQ","Jersey",-0- 
11622,17443,"Ave. 54, Yimpash Business Center, No. 506, 507","Ashkhabad 744036","Turkmenistan",-0- 
11622,17444,"P.O. Box 261539, Jebel Ali","Dubai","United Arab Emirates",-0- 
11622,17445,"No. 21 End of 9th St, Gandi Ave","Tehran","Iran",-0- 
11622,17446,"21, Africa Boulevard","Tehran","Iran",-0- 
11623,17448,"78 Shenton Way, #08-02","079120","Singapore",-0- 
11623,17449,"78 Shenton Way, 26-02A Lippo Centre","079120","Singapore",-0- 
11625,17454,"1703, 17th Floor, Dubai World Trade Center Tower, Sheikh Zayed Road","Dubai","United Arab Emirates",-0- 
11625,17455,"Office No. 99-A, Maker Tower 'F' 9th Floor Cutte Pavade, Colabe","Mumbai 700005","India",-0- 
11626,17457,"4 Victoria Street","London SW1H 0NE","United Kingdom",-0- 
11627,17459,"No. 4, Saba Blvd., Africa Blvd.","Tehran 19177","Iran",-0- 
11627,17460,"P.O. Box 19395-6947","Tehran","Iran",-0- 
11628,17462,"Koenigsallee 60 D","Dusseldorf 40212","Germany",-0- 
11629,17464,"Koenigsallee 60 D","Dusseldorf 40212","Germany",-0- 
11630,17466,"7 Temasek Boulevard #07-02, Suntec Tower One","038987","Singapore",-0- 
11631,17468,"107 Dr Fatemi Avenue","Tehran 14155/6363","Iran",-0- 
11631,17469,"Abdolaziz-Al-Masaeed Building, Sheikh Maktoom St., Deira, P.O. Box 2004","Dubai","United Arab Emirates",-0- 
11631,17470,"P.O. Box 1867, Al Ain","Abu Dhabi","United Arab Emirates",-0- 
11631,17471,"P.O. Box 3281","Abu Dhabi","United Arab Emirates",-0- 
11631,17472,"P.O. Box 1666","Sharjah","United Arab Emirates",-0- 
11631,17473,"P.O. Box 849","Ras-Al-Khaimah","United Arab Emirates",-0- 
11631,17474,"P.O. Box 417","Muscat 113","Oman",-0- 
11631,17475,"P.O. Box 676","Salalah 211","Oman",-0- 
11631,17476,"P.O. Box 995","Manama","Bahrain",-0- 
11631,17477,"Al-Lami Center, Ali-Bin-Abi Taleb St. Sharafia, P.O. Box 11210","Jeddah 21453","Saudi Arabia",-0- 
11631,17478,"Al Alia Center, Salaheddine Rd., Al Malaz, P.O. Box 21944","Riyadh 11485","Saudi Arabia",-0- 
11631,17479,"Al Rajhi Bldg., 3rd Floor, Suite 23, Dhahran St., P.O. Box 1305","Dammam 31431","Saudi Arabia",-0- 
11632,17481,"4/5 Fenchurch Buildings","London EC3M 5HN","United Kingdom",-0- 
11633,17483,"No. 35, Farhang Blvd., Saadat Abad","Tehran","Iran",-0- 
11633,17484,"Calle La Guairita, Centro Profesional Eurobuilding, Piso 8, Oficina 8E, Chuao","Caracas 1060","Venezuela",-0- 
11633,17519,"P.O. Box 3136, Road Town","Tortola","Virgin Islands, British",-0- 
11634,17486,"P.O. Box 72146","Dubai","United Arab Emirates",-0- 
11635,17488,"47 Queen Anne Street","London W1G 9JG","United Kingdom",-0- 
11636,17490,"NIOC House, 4 Victoria Street, Westminster","London SW1H 0NE","United Kingdom",-0- 
11637,17492,"C/O Kala Limited, N.I.O.C. House, 4 Victoria Street","London SW1H 0NE","United Kingdom",-0- 
11638,17494,"Riverside House, Riverside Drive","Aberdeen AB11 7LH","United Kingdom",-0- 
11639,17496,"NIOC House, 4 Victoria Street","London SW1H 0NE","United Kingdom",-0- 
11640,17498,"47 Queen Anne Street","London W1G 9JG","United Kingdom",-0- 
11640,17517,"6th Floor NIOC Ho, 4 Victoria St","London SW1H 0NE","United Kingdom",-0- 
11641,17500,"41, 1st Floor, International House, The Parade","St. Helier JE2 3QQ","Jersey",-0- 
11641,17501,"National Iranian Oil Company - PEDCO, P.O. Box 2965, Al Bathaa Tower, 9th Floor, Apt. 905, Al Buhaira Corniche","Sharjah","United Arab Emirates",-0- 
11641,17502,"P.O. Box 15875-6731","Tehran","Iran",-0- 
11641,17503,"No. 22, 7th Lane, Khalid Eslamboli Street, Shahid Beheshti Avenue","Tehran","Iran",-0- 
11641,17504,"No. 102, Next to Shahid Amir Soheil Tabrizian Alley, Shahid Dastgerdi (Ex Zafar) Street, Shariati Street","Tehran 19199/45111","Iran",-0- 
11641,17505,"Kish Harbour, Bazargan Ferdos Warehouses","Kish Island","Iran",-0- 
11642,17507,"41, 1st Floor, International House, The Parade","St. Helier JE2 3QQ","Jersey",-0- 
11643,17509,"Vali Asr Building, Jam e Jam Street, Vali Asr Avenue","Tehran 15815-3377","Iran",-0- 
11644,17511,"P.O. Box 148","Arak 351138","Iran",-0- 
11644,17512,"Arak, Km 4 Tehran Road","Arak, Markazi Province","Iran",-0- 
11644,17513,"No. 1, Northern Kargar Street","Tehran 14136","Iran",-0- 
11645,17515,"Winterhuder Weg 8","Hamburg 22085","Germany",-0- 
11645,17516,"Arak Machine Mfg. Bldg., 2nd Floor, opp. of College Economy, Northern Kargar Ave.","Tehran 14136","Iran",-0- 
11645,18387,"Mundsburger Damm 16","Hamburg 22087","Germany",-0- 
11797,17842,"237 Motahari Avenue","Tehran 1587618118","Iran",-0- 
11797,21010,"Motahari Street, No. 237, Past Darya-e Noor","Tehran","Iran",-0- 
12028,18303,"Ulitsa Klary Tsetkin 51","Minsk 220004","Belarus",-0- 
12032,18312,"242 Sepahbod Gharani Street, Karim Khan Zand Bridge, Corner Kalantari Street, 8th Floor, P.O. Box 15815-1775/15815-3446","Tehran 15988","Iran",-0- 
12032,18313,"Building No. 226, Corner of Shahid Kalantari Street, Sepahbod Gharani Avenue, Karimkhan Avenue","Tehran 1598844815","Iran",-0- 
12032,18314,"No. 242, Shahid Kalantari St., Near Karimkhan Bridge, Sepahbod Gharani Avenue","Tehran","Iran",-0- 
12032,18315,"Head Office Tehran, Sepahbod Gharani Ave., P.O. Box 15815/1775 15815/3446","Tehran","Iran",-0- 
12032,18316,"P.O. Box 2965","Sharjah","United Arab Emirates",-0- 
12032,18317,"333 7th Ave SW #1102","Calgary, AB T2P 2Z1","Canada",-0- 
12032,18318,"Chekhov St., 24.2, AP 57","Moscow","Russia",-0- 
12032,18319,"Room No. 704 - No. 10 Chao Waidajie Chao Yang District","Beijing 10020","China",-0- 
12032,18320,"Sanaee Ave., P.O. Box 79417-76349, N.I.O.C.","Kish","Iran",-0- 
12032,18321,"10th Floor, Sadaf Tower","Kish Island","Iran",-0- 
12081,18396,"No. 17, Dastgerdy Avenue, Takharestan Alley, 19395-6875","Tehran 1918781185","Iran",-0- 
12081,18460,"16 Takharestan Alley, Dastgerdy Avenue, P.O. Box 19395-6875","Tehran 19187 81185","Iran",-0- 
12082,18398,"187 Motahhari Avenue, P.O. Box 1587998411","Tehran","Iran",-0- 
12082,18399,"Kish Financial Center, Sahel","Kish Island","Iran",-0- 
12476,19473,"No. 133, Side of Parvin Etesami Alley, opposite Sazman Ab - Dr. Fatemi Avenue","Tehran","Iran",-0- 
12476,19474,"No. 1 Parvin Etesami Street, Fatemi Avenue","Tehran","Iran",-0- 
13131,20992,"Vali Asr Street, Above Vanak Circle, across Niayesh, Esfandiari Blvd., No. 24","Tehran","Iran",-0- 
13132,20993,"Keshavarz Blvd., No. 65, Corner of Shahid Daemi St., P.O. Box 141553163","Tehran 1415983111","Iran",-0- 
13132,22582,"No. 4 Zarafshan St, Farahzadi Blvd, Shahrak-e Ghods, 1467793811","Tehran","Iran",-0- 
13133,20994,"Valiasr St., Mirdamad St., No. 430","Tehran","Iran",-0- 
13134,20995,"Zafar St. No. 315, Between Vali Asr and Jordan","Tehran","Iran",-0- 
13135,20996,"Vali Asr. St. No. 3, Before Vey Park intersection, corner of Tarakesh Dooz St.","Tehran","Iran",-0- 
13136,20997,"Sepahod Gharani No. 24, Corner of Arak St.","Tehran","Iran",-0- 
13137,20998,"Shahid Ahmad Ghasir (Bocharest), Shahid Ahmadian (15th) St., No. 1","Tehran","Iran",-0- 
13137,22581,"No. 1 Ahmadian Street, Bokharest Avenue","Tehran","Iran",-0- 
13138,20999,"Sepahod Gharani, Corner of Khosro St., No. 147","Tehran","Iran",-0- 
13139,21000,"Bokharest St., 1st St., No. 13","Tehran","Iran",-0- 
13140,21001,"Argentine Circle, beginning of Africa St., Corner of 37th St., (Dara Cul-de-sac), No.26","Tehran","Iran",-0- 
13141,21002,"Vali Asr St., above Vey Park, Shahid Fiazi St., No. 51, first floor","Tehran","Iran",-0- 
13142,21003,"Seyyed Jamal-oldin Asadabadi St., Corner of 68th St., No. 472","Tehran","Iran",-0- 
13143,21004,"Taleghani St., No.204, Before the intersection of Mofateh, across from the former U.S. embassy","Tehran","Iran",-0- 
13144,21005,"Ahmad Ghasir St. (Bokharest), Corner of 15th St., Tose Tower, No.44-46","Tehran 1013830711","Iran",-0- 
13145,21006,"Mirdamad Blvd., North East Corner of Mirdamad Bridge, No. 271","Tehran","Iran",-0- 
13146,21008,"Building No. 59, District 929, Street No. 17, Arsat Al-Hindia, Al Masbah","Baghdad","Iraq",-0- 
13146,21525,"Tohid Street, Before Tohid Circle, No. 33, Upper Level of Eghtesad-e Novin Bank","Tehran 1419913464","Iran",-0- 
13147,21009,"53 Saanee, Jahan-e Koodak, Crossroads Africa St.","Tehran","Iran",-0- 
15036,22372,-0- ,-0- ,-0- ,-0- 
15037,22373,-0- ,-0- ,-0- ,-0- 
15038,22374,-0- ,-0- ,-0- ,-0- 
15039,22375,-0- ,-0- ,-0- ,-0- 
15040,22376,-0- ,-0- ,-0- ,-0- 
15041,22377,-0- ,-0- ,-0- ,-0- 
15042,22378,-0- ,-0- ,-0- ,-0- 
15043,22379,-0- ,-0- ,-0- ,-0- 
15044,22380,-0- ,-0- ,-0- ,-0- 
15045,22381,-0- ,-0- ,-0- ,-0- 
15046,22382,-0- ,-0- ,-0- ,-0- 
15047,22383,-0- ,-0- ,-0- ,-0- 
15048,22384,-0- ,-0- ,-0- ,-0- 
15049,22385,-0- ,-0- ,-0- ,-0- 
15050,22386,-0- ,-0- ,-0- ,-0- 
15051,22387,-0- ,-0- ,-0- ,-0- 
15052,22388,-0- ,-0- ,-0- ,-0- 
15053,22389,-0- ,-0- ,-0- ,-0- 
15054,22390,-0- ,-0- ,-0- ,-0- 
15055,22391,-0- ,-0- ,-0- ,-0- 
15056,22392,-0- ,-0- ,-0- ,-0- 
15057,22393,-0- ,-0- ,-0- ,-0- 
15058,22394,-0- ,-0- ,-0- ,-0- 
15059,22395,-0- ,-0- ,-0- ,-0- 
15060,22396,-0- ,-0- ,-0- ,-0- 
15061,22397,-0- ,-0- ,-0- ,-0- 
15062,22398,-0- ,-0- ,-0- ,-0- 
15063,22399,-0- ,-0- ,-0- ,-0- 
15064,22400,-0- ,-0- ,-0- ,-0- 
15065,22401,-0- ,-0- ,-0- ,-0- 
15066,22402,-0- ,-0- ,-0- ,-0- 
15068,22404,-0- ,-0- ,-0- ,-0- 
15070,22406,-0- ,-0- ,-0- ,-0- 
15071,22407,-0- ,-0- ,-0- ,-0- 
15072,22408,-0- ,-0- ,-0- ,-0- 
15073,22409,-0- ,-0- ,-0- ,-0- 
15074,22410,-0- ,-0- ,-0- ,-0- 
15075,22411,-0- ,-0- ,-0- ,-0- 
15076,22412,-0- ,-0- ,-0- ,-0- 
15077,22413,-0- ,-0- ,-0- ,-0- 
15078,22414,-0- ,-0- ,-0- ,-0- 
15079,22415,-0- ,-0- ,-0- ,-0- 
15080,22416,-0- ,-0- ,-0- ,-0- 
15081,22417,-0- ,-0- ,-0- ,-0- 
15082,22418,-0- ,-0- ,-0- ,-0- 
15083,22419,-0- ,-0- ,-0- ,-0- 
15084,22420,-0- ,-0- ,-0- ,-0- 
15085,22421,-0- ,-0- ,-0- ,-0- 
15086,22422,-0- ,-0- ,-0- ,-0- 
15087,22423,-0- ,-0- ,-0- ,-0- 
15088,22424,-0- ,-0- ,-0- ,-0- 
15089,22425,-0- ,-0- ,-0- ,-0- 
15090,22426,-0- ,-0- ,-0- ,-0- 
15091,22427,-0- ,-0- ,-0- ,-0- 
15092,22428,-0- ,-0- ,-0- ,-0- 
15093,22429,-0- ,-0- ,-0- ,-0- 
15094,22430,-0- ,-0- ,-0- ,-0- 
15095,22431,-0- ,-0- ,-0- ,-0- 
15117,22489,"NITC Building, 67-88, Shahid Atefi Street, Africa Avenue","Tehran","Iran",-0- 
15118,22491,"Al Wahda Street, Street No. 4","Sharjah","United Arab Emirates",-0- 
15118,22492,"P.O. Box 3267","Sharjah","United Arab Emirates",-0- 
15119,22494,"Droogdokweg 71","Rotterdam 3089 JN","Netherlands",-0- 
15120,22496,"Diagoras House, 7th Floor, 16 Panteli Katelari Street","Nicosia 1097","Cyprus",-0- 
15121,22499,"Diagoras House, 7th Floor, 16 Panteli Katelari Street","Nicosia 1097","Cyprus",-0- 
15122,22501,"Diagoras House, 7th Floor, 16 Panteli Katelari Street","Nicosia 1097","Cyprus",-0- 
15123,22503,"Diagoras House, 7th Floor, 16 Panteli Katelari Street","Nicosia 1097","Cyprus",-0- 
15124,22505,"Diagoras House, 7th Floor, 16 Panteli Katelari Street","Nicosia 1097","Cyprus",-0- 
15125,22507,"Diagoras House, 7th Floor, 16 Panteli Katelari Street","Nicosia 1097","Cyprus",-0- 
15126,22509,"Diagoras House, 7th Floor, 16 Panteli Katelari Street","Nicosia 1097","Cyprus",-0- 
15127,22511,"Diagoras House, 7th Floor, 16 Panteli Katelari Street","Nicosia 1097","Cyprus",-0- 
15128,22513,"Diagoras House, 7th Floor, 16 Panteli Katelari Street","Nicosia 1097","Cyprus",-0- 
15129,22515,"Diagoras House, 7th Floor, 16 Panteli Katelari Street","Nicosia 1097","Cyprus",-0- 
15130,22517,"Diagoras House, 7th Floor, 16 Panteli Katelari Street","Nicosia 1097","Cyprus",-0- 
15131,22519,"Diagoras House, 7th Floor, 16 Panteli Katelari Street","Nicosia 1097","Cyprus",-0- 
15132,22521,"Diagoras House, 7th Floor, 16 Panteli Katelari Street","Nicosia 1097","Cyprus",-0- 
15133,22523,"Diagoras House, 7th Floor, 16 Panteli Katelari Street","Nicosia 1097","Cyprus",-0- 
15134,22525,"Diagoras House, 7th Floor, 16 Panteli Katelari Street","Nicosia 1097","Cyprus",-0- 
15135,22527,"Diagoras House, 7th Floor, 16 Panteli Katelari Street","Nicosia 1097","Cyprus",-0- 
15136,22529,"85 St. John Street","Valletta VLT 1165","Malta",-0- 
15137,22531,"198 Old Bakery Street","Valletta VLT 1455","Malta",-0- 
15138,22533,"198 Old Bakery Street","Valletta VLT 1455","Malta",-0- 
15139,22535,"198 Old Bakery Street","Valletta VLT 1455","Malta",-0- 
15140,22537,"198 Old Bakery Street","Valletta VLT 1455","Malta",-0- 
15141,22539,"Fortuna Court, Block B, 284 Archbishop Makarios II Avenue","Limassol 3105","Cyprus",-0- 
15142,22541,"Diagoras House, 7th Floor, 16 Panteli Katelari Street","Nicosia 1097","Cyprus",-0- 
15144,22545,"1st Floor, No. 19, Shenasa Street, Vali E Asr Avenue","Tehran","Iran",-0- 
15145,22547,"Free Zone, P.O. Box 5232","Fujairah","United Arab Emirates",-0- 
15160,22574,"6 Avenue de la Tour-Haldimand","Pully 1009","Switzerland",-0- 
15161,22576,-0- ,-0- ,"Hong Kong",-0- 
15162,22578,-0- ,"Labuan","Malaysia",-0- 
15163,22580,-0- ,"Dubai","United Arab Emirates",-0- 
15268,22761,"172 Xibin Rd, Ranghulu District, (Daqing, Heilongjiang Branch)","Daqing 163453","China",-0- 
15268,22762,"9 Dongzhimen North Street, Dongcheng District, (Head Office)","Beijing 100007","China",-0- 
15268,22763,"No. 7 Century Ave, (Registered Office)","Xinjiang, Karamay 834000","China",-0- 
15268,22764,"No. 68 Zhongya South Rd, Economic and Technological Development Zone, (Urumqi, Xinjiang Branch)","Urumqi 830026","China",-0- 
15694,23458,"Office No. 703 Office Tower, Twin Tower, Baniyas Rd., Deira, P.O. Box 49754","Dubai","United Arab Emirates",-0- 
15695,23460,"Health Care City, Umm Hurair Rd., Oud Mehta Offices, Block A, 4th Floor 420","Dubai","United Arab Emirates",-0- 
15696,23462,"Suite 703, Twin Tower, Baniyas Street, Deira","Dubai","United Arab Emirates",-0- 
15697,23464,"Sharjah - Saif Zone, Sharjah Airport International Free Zone",-0- ,"United Arab Emirates",-0- 
15719,23499,-0- ,-0- ,-0- ,-0- 
15720,23686,-0- ,-0- ,"Greece",-0- 
15722,23502,-0- ,-0- ,-0- ,-0- 
15723,23503,-0- ,-0- ,-0- ,-0- 
15724,23504,-0- ,-0- ,-0- ,-0- 
15725,23505,-0- ,-0- ,-0- ,-0- 
15726,23506,-0- ,-0- ,-0- ,-0- 
15727,23507,-0- ,-0- ,-0- ,-0- 
15729,23509,-0- ,-0- ,-0- ,-0- 
15730,23510,-0- ,-0- ,-0- ,-0- 
15731,25765,"Care of Sambouk Shipping FCZ, 1st Floor, FITCO Building No 3, Inside Fujairah Port, PO Box 50044","Fujairah","United Arab Emirates",-0- 
15731,25766,"Trust Company Complex, Ajeltake Road","Ajeltake Island, Majuro MH96960","Marshall Islands",-0- 
15732,26016,"Care of Sambouk Shipping FCZ, Office 101, 1st Floor, FITCO Building No 3, Inside Fujairah Port, PO Box 50044","Fujairah","United Arab Emirates",-0- 
15732,26017,"80 Broad Street","Monrovia","Liberia",-0- 
15733,25768,"Care of Sambouk Shipping FCZ, Office 101, 1st Floor, FITCO Building No 3, Inside Fujairah Port, PO Box 50044","Fujairah","United Arab Emirates",-0- 
15733,25769,-0- ,"Valletta","Malta",-0- 
15733,25770,"Trust Company Complex, Ajeltake Road","Ajeltake Island, Majuro MH96960","Marshall Islands",-0- 
15734,25772,"Care of Sambouk Shipping FCZ, Office 101, 1st Floor, FITCO Building No 3, Inside Fujairah Port, PO Box 50044","Fujairah","United Arab Emirates",-0- 
15734,25773,"80 Broad Street","Monrovia","Liberia",-0- 
15735,25786,"Care of Sambouk Shipping FCZ, Office 101, 1st Floor, FITCO Building No 3, Inside Fujairah Port, PO Box 50044","Fujairah","United Arab Emirates",-0- 
15735,25787,-0- ,"Majuro MH","Marshall Islands",-0- 
15735,25788,-0- ,-0- ,"Liberia",-0- 
15736,25775,"Care of Sambouk Shipping FCZ, Office 101, 1st Floor, FITCO Building No 3, Inside Fujairah Port, PO Box 50044","Fujairah","United Arab Emirates",-0- 
15736,25777,"80 Broad Street","Monrovia","Liberia",-0- 
15737,25779,"Care of Sambouk Shipping FCZ, Office 101, 1st Floor, FITCO Building No 3, Inside Fujairah Port, PO Box 50044","Fujairah","United Arab Emirates",-0- 
15737,25780,"80 Broad Street","Monrovia","Liberia",-0- 
15738,25782,"Care of Sambouk Shipping FCZ, Office 101, 1st Floor, FITCO Building No 3, Inside Fujairah Port, PO Box 50044","Fujairah","United Arab Emirates",-0- 
15738,25783,-0- ,"Panama City","Panama",-0- 
15738,25784,-0- ,"Monrovia","Liberia",-0- 
15853,23807,"FITCO Building No. 3, Office 101, 1st Floor, P.O. Box 50044","Fujairah","United Arab Emirates",-0- 
15853,23808,"Office 1202, Crystal Plaza, PO Box 50044, Buhaira Corniche","Sharjah","United Arab Emirates",-0- 
15859,23801,-0- ,-0- ,-0- ,-0- 
15902,23889,-0- ,-0- ,-0- ,-0- 
15903,23890,-0- ,-0- ,-0- ,-0- 
15904,23891,-0- ,-0- ,-0- ,-0- 
15905,23892,-0- ,-0- ,-0- ,-0- 
15906,23893,-0- ,-0- ,-0- ,-0- 
15907,23894,-0- ,-0- ,-0- ,-0- 
15908,23895,-0- ,-0- ,-0- ,-0- 
15950,23965,"North Kargar Street","Tehran","Iran",-0- 
15950,23966,-0- ,"Mahshahr, Bandar Imam, Khuzestan Province","Iran",-0- 
15951,23968,"No. 17, 1st Floor, Daman Afshar St., Vanak Sq., Vali-e-Asr Ave","Tehran 19697","Iran",-0- 
15951,23969,"Petrochemical Special Economic Zone (PETZONE)",-0- ,"Iran",-0- 
15952,23971,"South Pars Special Economic Energy Zone, Postal Box: 75391-418","Assaluyeh, Bushehr","Iran",-0- 
15952,23972,"PO Box","Mashhad","Iran",-0- 
15953,23974,"Pars Special Economic Energy Zone","Assaluyeh Port, Bushehr","Iran",-0- 
15954,23976,"Pars Special Economic Energy Zone, PO Box 163-75391","Assaluyeh, Bushehr","Iran",-0- 
15955,23978,"Petrochemical Special Economic Zone (PETZONE)",-0- ,"Iran",-0- 
15956,23980,"No. 68, Taban St., Vali Asr Ave.","Tehran","Iran",-0- 
15957,23982,"Off Km 8, Azarshahr Road, Kojuvar Road","Tabriz","Iran",-0- 
15960,23987,-0- ,-0- ,-0- ,-0- 
15961,23988,-0- ,-0- ,-0- ,-0- 
15962,23989,-0- ,-0- ,-0- ,-0- 
15963,23990,-0- ,-0- ,-0- ,-0- 
15964,23991,-0- ,-0- ,-0- ,-0- 
15965,23992,-0- ,-0- ,-0- ,-0- 
16004,24056,"Khaled Stamboli St.","Tehran","Iran",-0- 
16005,24058,"39 Gandhi Avenue","Tehran 1517883115","Iran",-0- 
16006,24060,"16 Avenue Bucharest","Tehran","Iran",-0- 
16007,24062,-0- ,"Tehran","Iran",-0- 
16008,24063,-0- ,-0- ,-0- ,-0- 
16009,24065,"Block 1, Mehr Passage, 4th Street, Iran Zamin Boulevard, Shahrak Qods","Tehran","Iran",-0- 
16010,24067,"6th Floor, Mirdamad Avenue, No. 346","Tehran","Iran",-0- 
16011,24069,"2nd and 3rd Floors, No. 14, Saba Boulevard, After Esfandiar Crossroad, Africa Boulevard","Tehran 1918973657","Iran",-0- 
16012,24071,"Karlstrasse 19","Dinslaken, Nordrhein-Westfalen 46535","Germany",-0- 
16013,24073,"Karlstrasse 23-25","Dinslaken, Nordrhein-Westfalen 46535","Germany",-0- 
16014,24075,"Karlstrasse 21","Dinslaken, Nordrhein-Westfalen 46535","Germany",-0- 
16015,24077,"9th Floor, Office No. 905, Khalid Al Attar Tower 1, Sheikh Zayed Road, After Crown Plaza Hotel, Al Wasl Area","Dubai","United Arab Emirates",-0- 
16015,24078,"Postal Box 34489","Dubai","United Arab Emirates",-0- 
16015,24079,"Postal Box 14358","Dubai","United Arab Emirates",-0- 
16016,24081,"Dr. Mile Budaka 1","Slavonski Brod 35000","Croatia",-0- 
16016,24082,"1 Mile Budaka","Slavonski Brod 35000","Croatia",-0- 
16017,24084,"No. 51 Ghobadiyan Street, Valiasr Street","Tehran 1968917173","Iran",-0- 
16018,24086,-0- ,-0- ,"Iran",-0- 
16018,24087,"Unit D4 and C4, 4th Floor, Building 29 Africa, Corner of 25th Street, Africa Boulevard","Tehran","Iran",-0- 
16019,24089,"No. 48, Haghani Street, Vanak Square, Before Jahan-Kodak Cross","Tehran 1517973913","Iran",-0- 
16019,24091,"No. 40, Shahid Haghani Express Way, Vanak Square","Tehran","Iran",-0- 
16019,24092,"No. 9, Niloofar Street, Sharabyani Avenue, Taavon Boulevard, Shahr-e-Ziba","Tehran","Iran",-0- 
16019,24094,"72 Hillview Court, Woking","Surrey GU22 7QW","United Kingdom",-0- 
16019,24095,"No. 697 Saeeidi Alley, Crossroads College, Enghelab St.","Tehran","Iran",-0- 
16020,24097,"827, North of Seyedkhandan Bridge, Shariati Street, P.O. Box 13185-1445","Tehran 16616","Iran",-0- 
16020,24098,"No. 41, Next to 23rd Alley, South Gandi St., Vanak Square","Tehran 15179","Iran",-0- 
16021,24100,"1st Floor, No. 33, Shahid Atefi Alley, Opposite Mellat Park, Vali-e-Asr Street","Tehran 1967933759","Iran",-0- 
16022,24102,"Unit C2, 2nd Floor, Building No. 29, Corner of 25th Street, After Jahan Koudak, Cross Road Africa Street","Tehran 15179","Iran",-0- 
16023,24104,"2nd Floor, No. 67, North Sindokht Street, West Dr. Fatemi Avenue","Tehran 1411953943","Iran",-0- 
16024,24106,"Rishmak Cross Rd., 3rd Km. of Amir Kabir Road","Shiraz 71365","Iran",-0- 
16025,24107,-0- ,-0- ,-0- ,-0- 
16026,24109,"No. 40, East Street Journal, North Shiraz Street, Sadra Avenue","Tehran","Iran",-0- 
16027,24111,-0- ,-0- ,"Iran",-0- 
16028,24113,"Next to the Current Bandar Abbas Refinery","Bandar Abbas City","Iran",-0- 
16029,24115,"No. 15, Palizvani (7th) Street, Gandhi (South) Avenue","Tehran 1517655711","Iran",-0- 
16029,24116,"Km 10 of Khomayen Road","Golpayegan","Iran",-0- 
16030,24118,"7th Floor, No. 346, Mirdamad Avenue","Tehran","Iran",-0- 
16030,24119,"Ground Floor, No. 14, Saba Street, Africa Boulevard","Tehran","Iran",-0- 
16031,24121,-0- ,-0- ,"Iran",-0- 
16031,24122,"No. 346, Pars Oil Company Building, Modarres Highway, East Mirdamad Boulevard","Tehran 1549944511","Iran",-0- 
16031,24123,"Postal Box 14155-1473","Tehran 159944511","Iran",-0- 
16032,24126,"9th Floor, No. 346, Mirdamad Avenue","Tehran","Iran",-0- 
16033,24128,"Ground Floor, No. 39, Meftah/Garmsar West Alley, Shiraz (South) Street, Molla Sadra Avenue","Tehran","Iran",-0- 
16033,24129,"Post Office Box 19935-561","Tehran","Iran",-0- 
16034,24131,"341 West Mirdamad Boulevard","Tehran","Iran",-0- 
16034,24133,"P.O. Box 19696","Tehran","Iran",-0- 
16035,24135,-0- ,"Assaluyeh","Iran",-0- 
16035,24136,-0- ,"South Pars Special Economy/Energy Zone","Iran",-0- 
16036,24138,"No. 58, St. 14, Qanbarzadeh Avenue, Resalat Highway","Tehran","Iran",-0- 
16037,24140,-0- ,"Cape Town","South Africa",-0- 
16038,24142,"3rd Floor, Tygervalley Chambers, Bellville","Cape Town 7530","South Africa",-0- 
16038,24143,"Canal Walk, P.O. Box 17, Century City","Milnerton 7446","South Africa",-0- 
16039,24145,"2nd Floor, No. 4, Sasan Dead End, Afriqa Avenue, After Esfandiar, Crossroads","Tehran","Iran",-0- 
16039,24146,"No. 5 Sasan Alley, Atefi Sharghi St., Afrigha Boulevard","Tehran","Iran",-0- 
16039,24147,"Oshtorjan Industrial Zone, Zob-e Ahan Highway","Isafahan","Iran",-0- 
16040,24149,"No. 83, Sepahbod Gharani Street","Tehran","Iran",-0- 
16041,24150,-0- ,-0- ,-0- ,-0- 
16119,24230,"28C, Route de Denges","Lonay 1027","Switzerland",-0- 
16134,24245,-0- ,-0- ,-0- ,-0- 
16135,24247,"10th Floor, Citi Bank Building, Oud Metha Road, Oud Metha","Dubai","United Arab Emirates",-0- 
16136,24249,-0- ,-0- ,"United Arab Emirates",-0- 
16137,24251,-0- ,-0- ,"United Arab Emirates",-0- 
16139,24253,-0- ,-0- ,-0- ,-0- 
16140,24254,-0- ,-0- ,-0- ,-0- 
16141,24255,-0- ,-0- ,-0- ,-0- 
16142,24256,-0- ,-0- ,-0- ,-0- 
16154,24494,-0- ,-0- ,-0- ,-0- 
17013,25798,"29, Bolshaya Morskaya str.","St. Petersburg 190000","Russia",-0- 
17013,25799,"37 Plyushchikha ul.","Moscow 119121","Russia",-0- 
17013,25800,"43, Vorontsovskaya str.","Moscow 109044","Russia",-0- 
17014,25802,"3, Gagarinsky Pereulok","Moscow 119034","Russia",-0- 
17014,25803,"3 Gagarinsky per.","Moscow 119034","Russia",-0- 
17015,25805,"9 Akademika Sakharova prospekt","Moscow 107996","Russia",-0- 
17016,25807,"16, Building 1, Nametkina St.","Moscow 117420","Russia",-0- 
17016,25808,"63, Novocheremushkinskaya St.","Moscow 117418","Russia",-0- 
17017,25810,"8/15 Korp. 3 ul. Rozhdestvenka","Moscow 107996","Russia",-0- 
17017,25811,"Bld 3 8/15, Rozhdestvenka St.","Moscow 107996","Russia",-0- 
17018,25813,"19 ul. Vavilova","Moscow 117997","Russia",-0- 
17022,25840,"26/1 Sofiyskaya Embankment","Moscow 115035","Russia",-0- 
17064,25919,"2, Udaltsova Street","Moscow 119415","Russia",-0- 
17064,25921,"22 A, Pobedy Street, Tarko-Sale","Yamalo-Nenets Autonomous District 629580","Russia",-0- 
17064,25922,"22a Pobedy ul., Tarko-Sale","Purovski raion, Tyumenskaya Oblast 629850","Russia",-0- 
17143,26038,"Let. A. Galernaya, 5, ul","St. Petersburg 190000","Russia",-0- 
17143,26039,"Ul. Pochtamtskaya, 3-5","St. Petersburg 190000","Russia",-0- 
17143,26040,"3-5 Pochtamtskaya St.","St. Petersburg 190000","Russia",-0- 
17143,26041,"125 A. Profsoyuznaya Street","Moscow 117647","Russia",-0- 
17145,26046,"ul. Grigoriya Kukuyevitskogo, 1, bld. 1, Khanty-Mansiysky Autonomous Okrug - Yugra","the city of Surgut, Tyumenskaya Oblast 628415","Russia",-0- 
17145,26048,"korp. 1 1 Grigoriya Kukuevitskogo ul.","Surgut, Tyumenskaya oblast 628404","Russia",-0- 
17145,26049,"Street Kukuevitskogo 1","Surgut, Tyumen Region 628415","Russia",-0- 
17154,26075,"No. 22, Second Floor Sabounchi St., Shahid Beheshti Ave.","Tehran","Iran",-0- 
17155,26077,"No. 252 Milad Tower, Beginning of Africa Blvd., Argentina Sq","Tehran","Iran",-0- 
17156,26079,"Biside the No. 1 Baghestan Alley, Saadat Abad Ave., Kaj Sq.","Tehran","Iran",-0- 
17157,26081,"NBO-9, Andisheh Blvd, Sanayi Street","Kish Island","Iran",-0- 
17158,26083,"Apartment 4/1, Academics Rajabovs Street","Dushanbe","Tajikistan",-0- 
17248,26282,"11 Sretenski boulevard","Moscow 101000","Russia",-0- 
17250,26288,"16 Nametkina St.","Moscow, Russia GSP-7, 117997","Russia",-0- 
17250,26290,"16 Nametkina ul.","Moscow 117991","Russia",-0- 
17254,26306,"57 B. Polyanka ul.","Moscow 119180","Russia",-0- 
17254,26307,"57 Bolshaya. Polyanka","Moscow 119180","Russia",-0- 
17260,26319,"24 Usacheva ul.","Moscow 119048","Russia",-0- 
17260,26320,"21 Gogolevsky Blvd.","Moscow 119991","Russia",-0- 
17526,26681,-0- ,-0- ,-0- ,-0- 
17527,26683,"Lindenstrasse 2","Baar 6340","Switzerland",-0- 
17528,26686,"Lindenstrasse 2","Baar 6340","Switzerland",-0- 
17530,26690,"Wilhelminastraat 43 A","Haarlem 2011 VK","Netherlands",-0- 
17530,26691,"30 A Rte de Chene","Geneva 1208","Switzerland",-0- 
17531,26692,-0- ,-0- ,-0- ,-0- 
17532,26693,-0- ,-0- ,-0- ,-0- 
18267,27623,"Magistralnaya St., 2","Buzuluk, the Orenburg Region 461040","Russia",-0- 
18267,27624,"st. Magistralynaya 2","Buzuluk 461040","Russia",-0- 
18268,27626,"d.13 str. 1 per.3-I Neopalimovski","Moscow 119121","Russia",-0- 
18269,27628,"Lenina St. 4, the Tyumen Region","Khanty-Mansiysk, Autonomous District, Nizhnevartovsk 628606","Russia",-0- 
18270,27631,"d. 139 ul. Pyatigorskaya Essentuki","Stavropolski krai 357625","Russia",-0- 
18271,27632,"Baikalskaya St., 295 B","Irkutsk 664050","Russia",-0- 
18272,27635,"str. 1 3 1-i Zachatievski per","Moscow, 119034","Russia",-0- 
18273,27639,"d. 82 str. 2 ul. Sadovnicheskaya","Moscow 115035","Russia",-0- 
18274,27640,"Dobrovolcheskoy Brigady St., 15","Krasnoyarsk Territory 660077","Russia",-0- 
18275,27643,"d. 14 prospekt Olimpiski","Moscow 129090","Russia",-0- 
18276,27645,"Lenina St., 26","Nefteyugansk, Tyumen Region 628309","Russia",-0- 
18277,27647,"d. 59 str. 2 ul. Zemlyanoi Val","Moscow 109004","Russia",-0- 
18278,27650,"d. 35 A ul. Partizana Zheleznyaka","Krasnoyarsk, Krasnoyarski krai 660022","Russia",-0- 
18279,27655,"d. 9 prospekt Akademika Sakharova","Moscow 107996","Russia",-0- 
18280,27653,"Angarsk","Irkutsk region 665830","Russia",-0- 
18280,27656,"6 ul. K. Marksa","Angarsk 665830","Russia",-0- 
18281,27658,"d. 5 ul. Bryanskaya","Moscow 121059","Russia",-0- 
18282,27661,"Novokuibyshevsk","Samara region 446207","Russia",-0- 
18283,27662,"79 ul. Sadovnicheskaya","Moscow 115035","Russia",-0- 
18284,27665,"115 Leningradskaya st.","Komsomolsk-on-Amur, Khabarovsk region 681007","Russia",-0- 
18285,27666,"7 Tverskaya ul.","Moscow 125375","Russia",-0- 
18286,27668,"d. 7 str. A ul. Mashi Poryvaevoi","Moscow 107078","Russia",-0- 
18287,27670,"d. 9 prospekt Akademika Sakharova","Moscow 107996","Russia",-0- 
18288,27672,"d. 10 ul. Vozdvizhenka","Moscow 125009","Russia",-0- 
18289,27676,"Frances House, Sir William Place","St. Peter Port GY1 4EU","Guernsey",-0- 
18289,27796,"Korobeinikov Lane, 1","Moscow 119034","Russia",-0- 
18290,27675,"1 Astrakhanskaya st.","Syzran, Samara region 446009","Russia",-0- 
18290,27677,"Moskvorechje street 105, Building 8","Moscow 115523","Russia",-0- 
18291,27679,"29 Pobeditelei ave.","Minsk 220004","Belarus",-0- 
18292,27682,"Achinsk Refinery industrial area, Bolsheuluisky district","Krasnoyarsk territory 662110","Russia",-0- 
18293,27683,"12, Shevchenko lane","Kyiv 01001","Ukraine",-0- 
18294,27687,"25 Groznenskaya st.","Samara 443004","Russia",-0- 
18295,27686,"Suite 5808, 58/F, Two International Finance Center, 8 Finance Street Central","Hong Kong","China",-0- 
18296,27689,"60 Oktyabrskaya ul.","Uvat 626170","Russia",-0- 
18297,27691,"Ulica Kaluzhskaya M., d., 15, str. 28","Moscow 119071","Russia",-0- 
18298,27693,"65/1 Suschevsky Val","Moscow 129594","Russia",-0- 
18298,27694,"65 Sushchevskiy val","Moscow 129594","Russia",-0- 
18299,27696,"2, Rue Place du Lac, 1204","Geneva","Switzerland",-0- 
18300,27698,"Elenion Building 5 Themistokli Dervi, 2nd floor","Lefkosia, Nicosia 1066","Cyprus",-0- 
18301,27700,"46A Avenue John F Kennedy, 2nd Floor","Luxembourg 1855","Luxembourg",-0- 
18669,28371,"d.19 ul. Vavilova","Moscow 117997","Russia",-0- 
18708,28410,"46 Molodezhnaya Ul.","Odintsovo 143002","Russia",-0- 
18709,28412,-0- ,-0- ,"Russia",-0- 
18709,28413,"6 Vorobievskoe shosse","Moscow 119285","Russia",-0- 
18710,28416,"26 ul. Pravdy","Moscow 125040","Russia",-0- 
18711,28419,"16 Lva Tolstogo ul.","Moscow 119021","Russia",-0- 
18713,28423,"13/1 Al Farabi Ave.","Almaty 050059","Kazakhstan",-0- 
18713,28424,"30/26, Gogol/Kaldayakov Street","Almaty 050010","Kazakhstan",-0- 
18714,28426,"6 Mulyavin Boulevard","Minsk 220005","Belarus",-0- 
18715,28428,"46, Volodymyrska street","Kyiv 01601","Ukraine",-0- 
18716,28430,"Schwarzenbergplatz 3","Wien 1010","Austria",-0- 
18717,28432,"Gartenstrasse 24","8002 Zurich","Switzerland",-0- 
18717,28433,"PO Box 2136","Zurich 8027","Switzerland",-0- 
18717,28434,"Freigutstrasse 16","8027 Zurich","Switzerland",-0- 
18718,28437,"Avenue J.F. Kennedy 46a","1855 Luxembourg","Luxembourg",-0- 
18719,28439,"d. 35 ul. Myasnitskaya","Moscow 101000","Russia",-0- 
18720,28441,"8/26, Shevchenka boulevard/Pushkinska street","Kyiv 01004","Ukraine",-0- 
18720,28442,"8/26 Pushkinskaya str/Shevchenko bulvr","Kiev 01004","Ukraine",-0- 
18721,28444,"14, Moskovskaya Street","Minsk 220007","Belarus",-0- 
18722,28446,"46 Ul Nalbandyan","Yerevan 375010","Armenia",-0- 
18723,28448,"28 v Timiryazeva str.","Almaty 050040","Kazakhstan",-0- 
18723,28449,"28 Timiryazev Street","Almaty 050040","Kazakhstan",-0- 
18724,28451,"38 Khatai ave. Nasimi district","Baku AZ 1008","Azerbaijan",-0- 
18724,28452,"60, Samed Vurgun str","Baku 1022","Azerbaijan",-0- 
18725,28454,"22, Rua da Missao","Luanda","Angola",-0- 
18726,28456,"14, G. Chanturia Street","Tbilisi 0114","Georgia",-0- 
18727,28458,"Parking 6, PO Box 560","Vienna 1010","Austria",-0- 
18728,28460,"2 Balkanska street","Belgrade 11 000","Serbia",-0- 
18729,28462,"12 Presnenskaya nab.","Moscow 123100","Russia",-0- 
18730,28464,"d. 52 str. 1 nab.Kosmodamianskaya","Moscow 115054","Russia",-0- 
18731,28466,"Room 47, office XIV, 8 Brestskaya Street","Moscow 125047","Russia",-0- 
18732,28468,"str. 1 8 Chistoprudnyy bulvar","Moscow 101000","Russia",-0- 
18733,28470,"d. 52 str. 1 nab.Kosmodamianskaya","Moscow 115054","Russia",-0- 
18734,28472,"d. 43 str. 1 ul. Vorontsovskaya","Moscow 109147","Russia",-0- 
18735,28474,"d.70 ul. Mosfilmovskaya","Moscow 119590","Russia",-0- 
18736,28476,"35 Myasnitskaya Street","Moscow 101000","Russia",-0- 
18737,28478,"23, Pravdy Street","Moscow 125040","Russia",-0- 
18738,28480,"d. 43 korp. 1 ul. Vorontsovskaya","Moscow 109147","Russia",-0- 
18739,28482,"2nd Volkonskiy pereulok 10","Moscow 127473","Russia",-0- 
18739,28483,"43 str. 1 ul. Vorontsovskaya","Moscow 109147","Russia",-0- 
18740,28485,"d. 35 str. 4 ul. Tatarskaya B","Moscow 115184","Russia",-0- 
18741,28487,"d.14 shosse Entuziastov","Moscow 111024","Russia",-0- 
18742,28489,"2 ul. Krasnogo Tekstilshchika","St. Petersburg 191124","Russia",-0- 
18743,28491,"d. 24 str. 2 ul. Novoslobodskaya","Moscow 127055","Russia",-0- 
18744,28493,"d.29/16 per. Sivtsev Vrazhek","Moscow 119002","Russia",-0- 
18745,28495,"12a Korp. 1str 6 Pr 2-I Yuzhnoportovy","Moscow 115432","Russia",-0- 
18746,28497,"d.10 nab.Novodanilovskaya","Moscow 117105","Russia",-0- 
18747,28499,"10 Presnenskaya Embankment","Moscow 123317","Russia",-0- 
18748,28501,"d.19 ul. Vavilova","Moscow 117997","Russia",-0- 
18749,28503,"d. 31 G ul. Shabolovka","Moscow 115162","Russia",-0- 
18750,28505,"42 Bolshaya Yakimanka St., b. 1-2, office 209","Moscow 119049","Russia",-0- 
18750,28506,"7 ul. Pavlovskaya","Moscow","Russia",-0- 
18751,28508,"42 Bolshaya Yakimanka St., b. 1-2, office 206","Moscow 119049","Russia",-0- 
18752,28510,"68 Sampsonievsky Avenue, letter N, Room 1N","Saint Petersburg 194100","Russia",-0- 
18753,28512,"Boulevard Konrad Adenauer 2","Luxembourg 1115","Luxembourg",-0- 
18768,28530,"str. 2 2 Paveletskaya pl.","Moscow 115054","Russia",-0- 
18769,28532,"21, Gogolevski blvd.","Moscow 119991","Russia",-0- 
18769,28533,"21 str., 1 bul. Gogolevski","Moscow 119991","Russia",-0- 
18770,28535,"12 Kosmonavta Volkova ul.","Moscow 127299","Russia",-0- 
18771,28537,"d. 15 str. 2 ul. Novy Arbat","Moscow 119019","Russia",-0- 
18772,28539,"d. 58 str. 4 shosse Leningradskoe","Moscow 125212","Russia",-0- 
18773,28541,"29, korp.31 ul. Ibragimova","Moscow 105318","Russia",-0- 
18773,28542,"29/31 Ibragimova Street","Moscow 105318","Russia",-0- 
18774,28544,"d. 29 ul. Ibragimova","Moscow 105318","Russia",-0- 
18775,28546,"d. 65 str. 1 ul. Gilyarovskogo","Moscow 107996","Russia",-0- 
18776,28548,"d. 40 korp. 1 ul. Narodnogo Opolcheniya","Moscow 123298","Russia",-0- 
18777,28550,"d. 24 ul. Usacheva","Moscow 119048","Russia",-0- 
18778,28552,"d. 2/17 str. 1 tup Verkhni Taganski","Moscow 109240","Russia",-0- 
18779,28554,"d. 33 B ul.Vostochnaya","Ekaterinburg, Sverdlovskaya obl. 620100","Russia",-0- 
18779,28555,"33b, Vostochnaya St.","Yekaterinburg City","Russia",-0- 
18780,28557,"2-4-6, str. 14 per. Bolshoi Savvinski","Moscow 119435","Russia",-0- 
18781,28559,"str. 141 29 Vereiskaya ul.","Moscow 121357","Russia",-0- 
18782,28561,"27 Stromynka ul.","Moscow 107076","Russia",-0- 
18783,28563,"str. 1 18 Malaya Pirogovskaya ul.","Moscow 119435","Russia",-0- 
18784,28565,"building 2, 4/4 Yakimanskaya naberezhnaya","Moscow 119180","Russia",-0- 
18784,28566,"d. 4/4 korp., 2 nab., Yakimanskaya","Moscow 119180","Russia",-0- 
18784,28567,"4/4 Yakimanskaya emb., bld 2","Moscow 119180","Russia",-0- 
18785,28569,"d. 24 ul. Usacheva","Moscow 119048","Russia",-0- 
18786,28571,"d. 24 ul. Usacheva","Moscow 119048","Russia",-0- 
18787,28573,"Vereiskaya 29, str. 141","Moscow 121357","Russia",-0- 
18787,28574,"29 / 141 Verejskaya Street","Moscow 121357","Russia",-0- 
18788,28576,"d. 1 pomeshchenie 1000 ul. Universitetskayap","Innopolis, Verkhneuslonski Raion, Tatarstan resp. 420500","Russia",-0- 
18789,28578,"Street Malaya Pirogovskaya, D. 18, Bldg. 1","Moscow 119435","Russia",-0- 
18790,28581,"Per. Skatertniy, D. 18","Moscow 121069","Russia",-0- 
18791,28583,"Per. Aviatsionniy, D. 5","Moscow 125319","Russia",-0- 
18792,28585,"P. Rassudovo, Street Tsentralnaya, D. 103","Moscow 143396","Russia",-0- 
18793,28587,"d.125b shosse Varshavskoe","Moscow 117587","Russia",-0- 
18793,28588,"Pr. Krasnokazarmenniy, D. 14 A, Bldg. 19","Moscow","Russia",-0- 
18794,28590,"d. 9 Pr. 1-I Magistralny","Moscow 123290","Russia",-0- 
18795,28592,"d. 51 korp. 2 ul. Sovetskaya","Kirov, Kirovskaya obl. 610008","Russia",-0- 
18795,28593,"Street Sovetskaya, d. 51, Bldg. 2","Kirov 61008","Russia",-0- 
18808,28610,"Vladenie 33 Shosse Altufevskoe","Moscow 127410","Russia",-0- 
18808,28611,"Shosse Altufyevskoye, D. 33","Moscow 127410","Russia",-0- 
18809,28613,"d. 34/63 ul. Obrucheva","Moscow 117342","Russia",-0- 
18810,28615,"32 ul. Stantsionnaya","Novosibirsk, Novosibirskaya obl. 630108","Russia",-0- 
18811,28617,"d. 33 ul. Shcheglovskaya Zaseka","Tula, Tulskaya obl. 300004","Russia",-0- 
18812,28619,"d. 51 ul. Sovetskaya","Kirov, Kirovskaya obl. 610008","Russia",-0- 
18813,28621,"d. 1 A ul. Udaltsova","Moscow 119415","Russia",-0- 
18814,28623,"d. 8 ul. Lenina P Kalinovo","Nevyanski Raion, Sverdlovskaya obl. 624186","Russia",-0- 
18815,28625,"60 ul. Dachnaya","Novosibirsk, Novosibirskaya obl. 630082","Russia",-0- 
18816,28627,"d. 2 korp., 4 str., 16 kv., 6 per. Bolshoi Savvinski","Moscow 119435","Russia",-0- 
18817,28629,"Street Ibragimova, D. 31","Moscow 105318","Russia",-0- 
18818,28631,"Street Vracha Mikhaylova, D. 34","Ulyanovsk 432010","Russia",-0- 
18819,28633,"16 Budennogo prospekt","Moscow 105118","Russia",-0- 
18820,28635,"12 Krasnopresnenskaya naberezhnaya","Moscow 123610","Russia",-0- 
18820,28636,"Entrance 9, 12, Krasnopresnenskaya emb.","Moscow 123610","Russia",-0- 
18820,28637,"podezd 9, etazh 21 12 Krasnopresnenskaya nab.","Moscow 123610","Russia",-0- 
19468,29591,"d.9 ul. Geologorazvedchikov","Novy Urengoi, Yamalo-Nenetski a.o 629306","Russia",-0- 
19469,29593,"d.15 ul.Mira","Yugorsk, Khanty-Mansiski Avtonomny okrug, Yugra a.o. 628260","Russia",-0- 
19470,29595,"d. 20 korp. 8 ul. Staraya Basmannaya","Moscow 107066","Russia",-0- 
19471,29597,"3 korp.2 ul.Varshavskaya","St. Petersburg 196128","Russia",-0- 
19472,29599,"d.6 prospekt Oktyabrskoi Revolyutsii","Stavropol, Stavropolski krai 355000","Russia",-0- 
19542,29677,"3 korp.2 ul.Varshavskaya","St. Petersburg 196128","Russia",-0- 
19543,29679,"8 Korp. 1 ul.Stroitelei","Moscow 117939","Russia",-0- 
19544,29681,"d.1 ul.Zvereva","Nadym, Yamalo-Nenetski a.o. 629730","Russia",-0- 
19545,29683,"d.16 ul.Nametkina","Moscow 117997","Russia",-0- 
19546,29685,"d. DOM 24 korp. LITER A nab.Admirala Lazareva","St. Petersburg 197110","Russia",-0- 
19631,29798,"d.4 prospekt Oktyabrski","Kemerovo, Kemerovskaya obl 650066","Russia",-0- 
19632,29800,"d.39/2 prospekt Lenina","Ukhta, Komi resp 169312","Russia",-0- 
19633,29802,"d.41 ul.Adelya Kutuya","Kazan, Tatarstan resp 420073","Russia",-0- 
19634,29804,"d.118 A prospekt Im 50 Let Oktyabrya","Saratov, Saratovskaya obl. 410052","Russia",-0- 
19635,29806,"d. 20 litera A nab.Aptekarskaya","St. Petersburg 197022","Russia",-0- 
19636,29808,"d.20 ul. Respubliki","Noyabrsk, Yamalo-Nenetski a.o. 629802","Russia",-0- 
19637,29810,"d. 8 korp. 1 ul.Stroitelei","Moscow 119311","Russia",-0- 
19638,29813,"d. 12 A ul.Nametkina","Moscow 117420","Russia",-0- 
19639,29815,"d.10 B ul.Nametkina","Moscow 117420","Russia",-0- 
19640,29817,"d. 6 litera D ul.Startovaya","St. Petersburg 196210","Russia",-0- 
19641,29819,"d.1 ul.Moskovskaya","Shchelkovo, Moskovskaya obl 141112","Russia",-0- 
19642,29821,"d.53 ul.Shosse Neftyanikov","Krasnodar, Krasnodarski krai 350051","Russia",-0- 
19643,29823,"d.36 ul.Im Dzerzhinskogo","Krasnodar, Krasnodarski krai 350051","Russia",-0- 
19644,29825,"16, Gsp-7 ul.Nametkina","Moscow 117997","Russia",-0- 
19645,29827,"d.16 ul.Ostrovskogo","Surgut, Khanty-Mansiski Avtonomny okrug - Yugra a.o. 628417","Russia",-0- 
19646,29829,"58 ul.Raboche-Krestyanskaya","Volgograd, Volgogradskaya obl. 400074","Russia",-0- 
19647,29831,"d.9 prospekt Frunze","Tomsk, Tomskaya obl. 634029","Russia",-0- 
19648,29833,"d.1 ul.Universitetskaya","Surgut, Khanty-Mansiski Avtonomny okrug - Yugra a.o. 628406","Russia",-0- 
19649,29835,"d.11 ul.Zvezdinka","Nizhni Novgorod, Nizhegorodskaya obl. 603950","Russia",-0- 
19650,29837,"41 str. 1 prospekt Vernadskogo","Moscow 119415","Russia",-0- 
19652,29841,"8 Korp. 1 ul.Stroitelei","Moscow 119991","Russia",-0- 
19653,29843,"P Razvilka","Leninski Raion, Moskovskaya obl. 142717","Russia",-0- 
19654,29845,"d. 62 str. 2 shosse Starokaluzhskoe","Moscow 117630","Russia",-0- 
19670,29857,"d. 13 str. 3 ul.Bolshaya Cheremushkinskaya","Moscow 117447","Russia",-0- 
19672,29860,"d.14 ul.Nizhnyaya Naberezhnaya","Irkutsk, Irkutskaya obl 664011","Russia",-0- 
19673,29862,"d. 54 korp. 1 litera A pomeshch prospekt Primorski","St. Petersburg 197374","Russia",-0- 
19674,29864,"d. 106 A str. 1 ul.Novo-Sadovaya","Samara, Samarskaya obl. 443068","Russia",-0- 
19675,29867,"Sosenskoe Pos, Pos. Gazoprovod, D. 101 Korp. 9","Moscow 142770","Russia",-0- 
19676,29869,"d. 41 korp. 1 prospekt Vernadskogo","Moscow 117415","Russia",-0- 
19677,29871,"d.8 ul.Zheleznodorozhnaya","Novy Urengoi, Yamalo-Nenetski a.o. 629307","Russia",-0- 
19678,29873,"d.70 ul.Gertsena","Tyumen, Tyumenskaya obl. 625000","Russia",-0- 
19681,29878,"ul.O.Bulacha","Makhachkala, Dagestan resp. 367030","Russia",-0- 
19683,29881,"59 ul.Rikharda Zorge","Ufa, Bashkortostan resp. 450054","Russia",-0- 
19684,29883,"d.73 ul.Bolshaya Podgornaya","Tomsk, Tomskaya obl. 634009","Russia",-0- 
19685,29890,"d.103 prospekt Kurortny","Sochi, Krasnodarski krai 354024","Russia",-0- 
19686,29893,"d. 6 ul.Nametkina","Moscow 117420","Russia",-0- 
19687,29897,"d.19 ul.Pogranichnaya","Petropavlovsk-Kamchatski, Kamchatski krai 683032","Russia",-0- 
19688,29902,"d. 1 ul.Solnechnaya  S. Ilinka","Khabarovski Raion Khabarovski krai 680509","Russia",-0- 
19690,29905,"Rogozinino","Moscow 143397","Russia",-0- 
19691,29907,"d.1 pl.Akademika Kurchatova","Moscow 123182","Russia",-0- 
19692,29909,"d.7 ul.Promyshlennaya","Novy Urengoi, Yamalo-Nenetski a.o. 629306","Russia",-0- 
19989,30234,"d. 40, ul. Dolgorukovskaya","Moscow 127006","Russia",-0- 
19990,30265,"8/15, str. 3 ul. Rozhdestvenka","Moscow 107996","Russia",-0- 
19992,30279,-0- ,-0- ,"Russia",-0- 
19993,30270,"C/O Treureva AG, Muhlebachstrasse 23","Zurich 8024","Switzerland",-0- 
19993,30272,"Chamerstrasse 172, P.O. Box","Zug CH-6300","Switzerland",-0- 
19995,30278,"Arc. Makariou 2-4, Capital center, 9th floor, index 1065","Nicosia","Cyprus",-0- 
19996,30281,"2nd Floor Vanterpool Plaza, Wickhams Cay 1","Road Town","Virgin Islands, British",-0- 
19997,30283,"14th Floor, Papachristoforu Building, 32 Kritis Street","Limassol","Cyprus",-0- 
19998,30285,"196/Themistokli Dervi, 3 Julia House","Nicosia 1066","Cyprus",-0- 
19999,30287,"d. 4/10 str. 1 ul. Sadovaya-Triumphalnaya","Moscow","Russia",-0- 
20000,30289,"d. 53, ul. Ryabinovaya","Moscow 121471","Russia",-0- 
20000,30290,"D. 4, Brodnikov Per.","Moscow 119180","Russia",-0- 
20001,30292,-0- ,"St. Petersburg 192177","Russia",-0- 
20001,30293,"ul. Ryabinovaya d. 53","Moscow 121471","Russia",-0- 
20002,30296,"37/122 T. Shevchenko bld","Kyiv 01032","Ukraine",-0- 
20003,30297,"d. 13 str. 2 per. Bolshoi Sukharevski","Moscow 127051","Russia",-0- 
20003,30298,"B. Sucharevsky per, 13 str. 2, 21","Moscow","Russia",-0- 
20004,30300,"Narve Road 4","Tallinn 15014","Estonia",-0- 
20005,30303,"d. 9, str. 5 ul. Krasnoproletarskaya","Moscow 127030","Russia",-0- 
20005,30304,"Per Uglovoy, D. 2, ETAZH 10, Room 22, Room 3","Moscow 127055","Russia",-0- 
20006,30305,"d. 13/2 ul. Begovaya","Moscow 125284","Russia",-0- 
20007,30309,"8/15 str. 3 ul. Rozhdestvenka","Moscow 107996","Russia",-0- 
20008,30308,-0- ,-0- ,"Russia",-0- 
20008,30310,"Turchaninov Per., D. 3, BLDG 1, G.","Moscow 119034","Russia",-0- 
20009,30312,"Street Pushechnaya, D. 5, G.","Moscow 107031","Russia",-0- 
20294,30698,"Street Gagarina 17","Magnitogorsk 455044","Russia",-0- 
20295,30700,"Obrucheva Street, Building 27, Corpus 2","Moscow 117630","Russia",-0- 
20296,30702,"Rochdelskaya street building 20","Moscow 123022","Russia",-0- 
20296,30703,"Krasnopresnenskaia nab. 12, CMT2, Porch 7, Floor 10","Moscow 123610","Russia",-0- 
20296,30704,"Profsoyuznaya Street, Building 125A","Moscow 117647","Russia",-0- 
20297,30706,"Proektiruyemiy proezd No 4062, building 6, structure 16, BTs 'Port Plaza'","Moscow 115432","Russia",-0- 
20297,30707,"D.40 Ulitsa Miklukho-Maklaya","Moscow 117342","Russia",-0- 
20298,30709,"63 Novocheremushkinskaya Street","Moscow 117418","Russia",-0- 
20298,30710,"Koroviy val., building 7","Moscow 119049","Russia",-0- 
20299,30712,"63 Novocheremushkinskaya Street","Moscow 117418","Russia",-0- 
20299,30713,"Leninskiy prospect, building 15A","Moscow 119071","Russia",-0- 
20300,30715,"Yakimanka B. Street, Building 39","Moscow 119049","Russia",-0- 
20300,30716,"27-29/1, building 6, Smolenskaya-Sennaya st.","Moscow 119121","Russia",-0- 
20301,30718,"Vavilova Street, Building 52, Corpus 2","Moscow 117296","Russia",-0- 
20301,30719,"Yaroslavskaya Street, Building 50, Room 208","Uglich, Yaroslav Oblast 152610","Russia",-0- 
20302,30721,"D. 11 B Kv. 93, Prospekt Kosmonavtov","Ekaterinburg 620017","Russia",-0- 
20302,30722,"Stroibaza","Dobryanka 618740","Russia",-0- 
20302,30723,"7, Liter A, K 4, Ul. Turbinnaya","Ekaterinburg 620017","Russia",-0- 
20302,30724,"1a Ul.Vladivostokskaya","Ufa 450078","Russia",-0- 
20302,30725,"Stroibaza Sugres, R-Nvodoka, Per. Tikhi","Verkhnyaya Pyshma 624070","Russia",-0- 
20302,30726,"Rp Reftinski, A/Ya 1","Asbest 624285","Russia",-0- 
20302,30727,"Baes A/Ya 7","Zarechny 624051","Russia",-0- 
20302,30728,"50, A, Ul. Transportnikov","Berezovski 623703","Russia",-0- 
20302,30729,"Transportnikov Street, Building 50 a","Berezovskiy 623704","Russia",-0- 
20303,30731,"D.14 Pr Kolomenski","Moscow 115446","Russia",-0- 
20304,30733,"Izhorskiy Zavod B/N, Kolpino","Saint-Petersburg 196650","Russia",-0- 
20304,30734,"Izhorskiy Zavod, d. b/n, Kolpino","Saint-Petersburg 196651","Russia",-0- 
20305,30736,"Izhorskiy Zavod B/N, Kolpino","Saint-Petersburg 196650","Russia",-0- 
20305,30737,"Izhorskiy Zavod, d. b/n, Kolpino","Saint-Petersburg 196651","Russia",-0- 
20306,30739,"67, Lenin Avenue","Balashikha, Moscow Region 143907","Russia",-0- 
20306,30741,"36 Lenina Prospekt","Balashikha G. 143907","Russia",-0- 
20307,30743,"Bld. 20, Ovchinnikovskaya Emb.","Moscow 115035","Russia",-0- 
20307,30744,"24 Timura Frunze Street","Moscow 119021","Russia",-0- 
20308,30746,"Kolpino G, Izhorski Zavod","St. Petersburg 196651","Russia",-0- 
20308,30747,"Izhorskiy Zavod, Kolpino","Saint Petersburg 196650","Russia",-0- 
20309,30749,"Pl. Pervoi Pyatiletki","Ekaterinburg 620012","Russia",-0- 
20311,30752,"12 M. Mkrtchyan Street","Yerevan 375010","Armenia",-0- 
20311,30753,"6-10 Northern Ave.","Yerevan 0001","Armenia",-0- 
20312,30755,"Zollikerstrasse 183","Zurich 8008","Switzerland",-0- 
20312,30757,"Zollikerstrasse 183","Zurich 8032","Switzerland",-0- 
20313,30759,"Wiedner Hauptstrasse 17","Vienna 1040","Austria",-0- 
20314,30761,"1 Lampousas","Nicosia 1095","Cyprus",-0- 
20315,30763,"Arianthi Court, 2nd floor, 50 Agias Zonis Street","Limassol 3090","Cyprus",-0- 
20315,30764,"Agios Athanasios, 46, Interlink Hermes Plaza, Floor 1","Limassol 4102","Cyprus",-0- 
20316,30766,"Dijsselhofplantsoen 14","Amsterdam 1077 BL","Netherlands",-0- 
20317,30768,"8-10, rue Mathias Hardt","Luxembourg 1717","Luxembourg",-0- 
20318,30770,"Trident Chambers, Road Town, PO Box 146","Tortola","Virgin Islands, British",-0- 
20318,30771,"Agias Zonis, 50, Arianthi Court, 2nd floor","Limassol 3090","Cyprus",-0- 
20319,30773,"Dijsselhofplantsoen 14","Amsterdam, Noord-Holland 1077","Netherlands",-0- 
20320,30775,"Orlik 266, Plzen - mesto PSC 316 06","Plzen","Czech Republic",-0- 
